{
  "resistance": {
    "size_1_nf_1": 2558.7099704795937
  },
  "d": {
    "size_1_nf_1": 4.743277777777778e-16
  },
  "g": {
    "size_1_nf_1": 9.938055555555556e-16
  }
}
