{
  "r_n": {
    "size_1_height_3.9": 7480.877438300231
  },
  "r_p": {
    "size_1_height_3.9": 8460.858840389237
  },
  "resistance": {
    "size_1_height_3.9": 8460.858840389237
  },
  "a": {
    "size_1_height_3.9": 1.34583e-15
  },
  "z": {
    "size_1_height_3.9": 4.80705e-16
  }
}
