{
  "resistance": {
    "size_1.17_nf_1": 6796.8231308297545
  },
  "d": {
    "size_1_nf_1": 3.0556777777777785e-16
  },
  "g": {
    "size_1_nf_1": 9.626666666666668e-16
  }
}
