{
  "r_n": {
    "size_1_height_3.9": 7742.409400794819
  },
  "r_p": {
    "size_1_height_3.9": 9177.73457977024
  },
  "resistance": {
    "size_1_height_3.9": 9177.73457977024
  },
  "a": {
    "size_1_height_3.9": 2.01001e-15
  },
  "z": {
    "size_1_height_3.9": 1.1828185025e-15
  },
  "b": {
    "size_1_height_3.9": 2.13134e-15
  },
  "c": {
    "size_1_height_3.9": 2.00757e-15
  }
}