{
  "r_n": {
    "size_1_height_3.9": 6123.48869908332
  },
  "r_p": {
    "size_1_height_3.9": 8288.007011542595
  },
  "resistance": {
    "size_1_height_3.9": 8288.007011542595
  },
  "a": {
    "size_1_height_3.9": 1.96877e-15
  },
  "z": {
    "size_1_height_3.9": 9.44357e-16
  },
  "b": {
    "size_1_height_3.9": 1.96607e-15
  }
}