{
  "r_n": {
    "size_1_height_3.9": 7396.42502900941
  },
  "r_p": {
    "size_1_height_3.9": 10308.24678713829
  },
  "resistance": {
    "size_1_height_3.9": 10308.24678713829
  },
  "a": {
    "size_1_height_3.9": 1.90401e-15
  },
  "z": {
    "size_1_height_3.9": 8.19532e-16
  },
  "b": {
    "size_1_height_3.9": 1.90297e-15
  }
}